{
    "x_mean": [
        -0.007453015368691162,
        -0.0012274731948942286,
        0.27446908189640495,
        2.0417119115693185,
        0.06886784767610253,
        0.9514177157678028,
        0.002051382596263749,
        -0.0071537806095899785,
        0.024005432025495422,
        -0.15045706054613853,
        -0.12917330630526003,
        1.1314023638839381,
        0.3171944780079103,
        -0.09010956130631533,
        -0.0615670648965883,
        1.1314023638839381,
        0.315578830453903,
        0.003324480768246013,
        0.04823041206386565,
        1.1314023638839381,
        0.29122209922001496,
        0.12424856198937685,
        0.16113988477926383,
        1.1314023638839381,
        0.2527702698283035
    ],
    "x_std": [
        0.052390895358692104,
        0.015258567011853269,
        1.5300838121996132,
        1.4919748749756498,
        0.4288997018471665,
        2.9588008150412763,
        0.32630533641779097,
        0.1473946818127511,
        0.880007639271183,
        1.839909478620354,
        1.8130043718078732,
        6.9970200487453935,
        1.5277608578018762,
        3.5019807616328307,
        3.449731201096877,
        6.9970200487453935,
        1.4048133382990495,
        5.0044313875043835,
        4.921175967220273,
        6.9970200487453935,
        1.2849235012324867,
        6.31235922350526,
        6.213305410310225,
        6.9970200487453935,
        1.160202950527793
    ],
    "y_mean": [
        5.806548666253871,
        5.922185072738484,
        1.300027971521826,
        1.410658927307393,
        -2.997851844016926,
        -1.8694351138142338,
        -2.7045229917052236,
        -1.4732125254302748
    ],
    "y_std": [
        7.926973630583127,
        7.721239268789092,
        5.170724138202566,
        7.454759213738536,
        19.940885583379956,
        18.991374158284692,
        19.492389179105743,
        18.243958210396844
    ]
}