{
    "x_mean": [
        -0.005130270510755488,
        -0.0009233745351826691,
        0.454241805513068,
        1.3463032934744013,
        0.04547303100627813,
        0.9342213691350414,
        0.0008807323839385243,
        -0.003711518304842971,
        0.15783996406283882,
        -0.09521434817385567,
        -0.11359415999913182,
        1.216524017115349,
        0.6237635354248346,
        -0.05542104075206466,
        -0.08611165803587933,
        1.3438510348297834,
        0.7725582817029568,
        0.0024546158351000085,
        -0.0209470689957738,
        1.4711780676662183,
        0.9062556115652298,
        0.08009787905875722,
        0.052266513528486,
        1.5985050852969944,
        1.0289729831863776
    ],
    "x_std": [
        0.04521316926287788,
        0.013141367982746024,
        1.8772800773699907,
        1.5616038384681799,
        0.3812165000524464,
        2.4427226172443666,
        0.2659488680213028,
        0.1347953363396235,
        0.8588968474591552,
        1.508735208301626,
        1.499553048572715,
        5.458993567831593,
        2.0292767044399223,
        2.884489145199499,
        2.8744020570251285,
        5.508987871522886,
        2.1739771425859082,
        4.145477411078475,
        4.135931883399606,
        5.611540738402137,
        2.367698306402013,
        5.261026799912514,
        5.26465219817826,
        5.763847393125523,
        2.5985131054589874
    ],
    "y_mean": [
        3.5681295130957715,
        4.5193171286661435,
        0.4140645825782885,
        1.4071090342241674,
        -3.0415876643701716,
        -2.136275971879611,
        -2.8201661526993695,
        -1.869844282542602
    ],
    "y_std": [
        7.711520979712279,
        7.090092063532301,
        4.897499273361079,
        6.551207282648327,
        15.2584042907085,
        14.568823106191495,
        14.96111214957835,
        14.089689401468682
    ]
}